{
    "version": 1,
    "revision": 0,
    "rules": [
        {
            "primary-output": "x64\\Debug\\cmath_ME97RCBCMH4KZ5GO.obj",
            "outputs": [
                "C:\\Users\\katyu\\Downloads\\rbpo_2\\rbpo_2\\x64\\Debug\\vc143.pdb",
                "x64\\Debug\\cmath_ME97RCBCMH4KZ5GO.module.json",
                "x64\\Debug\\cmath_ME97RCBCMH4KZ5GO.ifc"
            ],
            "provides": [
                {
                    "logical-name": "C:\\Program Files\\Microsoft Visual Studio\\2022\\Community\\VC\\Tools\\MSVC\\14.37.32822\\include\\cmath",
                    "source-path": "c:\\program files\\microsoft visual studio\\2022\\community\\vc\\tools\\msvc\\14.37.32822\\include\\cmath",
                    "lookup-method": "absolute"
                }
            ],
            "requires": []
        }
    ]
}