{
    "Version": "1.2",
    "Data": {
        "Source": "c:\\users\\katyu\\downloads\\rbpo_2\\rbpo_2\\f2.ixx",
        "ProvidedModule": "student_1bib21065_Lab2_Variant26_Task1:F2",
        "Includes": [],
        "ImportedModules": [],
        "ImportedHeaderUnits": [
            {
                "Header": "c:\\program files\\microsoft visual studio\\2022\\community\\vc\\tools\\msvc\\14.37.32822\\include\\cmath",
                "BMI": "C:\\Users\\katyu\\Downloads\\rbpo_2\\rbpo_2\\x64\\Debug\\cmath_ME97RCBCMH4KZ5GO.ifc"
            }
        ]
    }
}