{
    "version": 1,
    "revision": 0,
    "rules": [
        {
            "primary-output": "x64\\Debug\\F2.ixx.obj",
            "outputs": [
                "C:\\Users\\katyu\\Downloads\\rbpo_2\\rbpo_2\\x64\\Debug\\vc143.pdb",
                "x64\\Debug\\",
                "C:\\Users\\katyu\\Downloads\\rbpo_2\\rbpo_2\\x64\\Debug\\F2.ixx.ifc"
            ],
            "provides": [
                {
                    "logical-name": "student_1bib21065_Lab2_Variant26_Task1:F2",
                    "source-path": "c:\\users\\katyu\\downloads\\rbpo_2\\rbpo_2\\f2.ixx",
                    "is-interface": true
                }
            ],
            "requires": [
                {
                    "logical-name": "cmath",
                    "source-path": "C:\\Program Files\\Microsoft Visual Studio\\2022\\Community\\VC\\Tools\\MSVC\\14.37.32822\\include\\cmath",
                    "lookup-method": "include-quote",
                    "unique-on-source-path": true
                }
            ]
        }
    ]
}