{
    "version": 1,
    "revision": 0,
    "rules": [
        {
            "primary-output": "x64\\Debug\\F3.ixx.obj",
            "outputs": [
                "C:\\Users\\katyu\\Downloads\\rbpo_2\\rbpo_2\\x64\\Debug\\vc143.pdb",
                "x64\\Debug\\",
                "C:\\Users\\katyu\\Downloads\\rbpo_2\\rbpo_2\\x64\\Debug\\F3.ixx.ifc"
            ],
            "provides": [
                {
                    "logical-name": "student_1bib21065_Lab2_Variant26_Task1:F3",
                    "source-path": "c:\\users\\katyu\\downloads\\rbpo_2\\rbpo_2\\f3.ixx",
                    "is-interface": true
                }
            ],
            "requires": [
                {
                    "logical-name": "student_1bib21065_Lab2_Variant26_Task1:A"
                }
            ]
        }
    ]
}