{
    "version": 1,
    "revision": 0,
    "rules": [
        {
            "primary-output": "x64\\Debug\\student_1bib21065_Lab2_Variant26_Task3.ixx.obj",
            "outputs": [
                "C:\\Users\\katyu\\Downloads\\rbpo_2\\rbpo_2\\x64\\Debug\\vc143.pdb",
                "x64\\Debug\\"
            ],
            "requires": [
                {
                    "logical-name": "student_1bib21065_Lab2_Variant26_Task1"
                }
            ]
        }
    ]
}