{
    "Version": "1.2",
    "Data": {
        "Source": "c:\\users\\katyu\\downloads\\rbpo_2\\rbpo_2\\student_1bib21031_lab2_variant1_task1.ixx",
        "ProvidedModule": "student_1bib21031_Lab2_Variant1_Task1",
        "Includes": [
            "c:\\program files\\microsoft visual studio\\2022\\community\\vc\\tools\\msvc\\14.37.32822\\include\\cmath",
            "c:\\program files\\microsoft visual studio\\2022\\community\\vc\\tools\\msvc\\14.37.32822\\include\\yvals.h",
            "c:\\program files\\microsoft visual studio\\2022\\community\\vc\\tools\\msvc\\14.37.32822\\include\\yvals_core.h",
            "c:\\program files\\microsoft visual studio\\2022\\community\\vc\\tools\\msvc\\14.37.32822\\include\\vcruntime.h",
            "c:\\program files\\microsoft visual studio\\2022\\community\\vc\\tools\\msvc\\14.37.32822\\include\\sal.h",
            "c:\\program files\\microsoft visual studio\\2022\\community\\vc\\tools\\msvc\\14.37.32822\\include\\concurrencysal.h",
            "c:\\program files\\microsoft visual studio\\2022\\community\\vc\\tools\\msvc\\14.37.32822\\include\\vadefs.h",
            "c:\\program files\\microsoft visual studio\\2022\\community\\vc\\tools\\msvc\\14.37.32822\\include\\xkeycheck.h",
            "c:\\program files (x86)\\windows kits\\10\\include\\10.0.22621.0\\ucrt\\crtdbg.h",
            "c:\\program files (x86)\\windows kits\\10\\include\\10.0.22621.0\\ucrt\\corecrt.h",
            "c:\\program files\\microsoft visual studio\\2022\\community\\vc\\tools\\msvc\\14.37.32822\\include\\vcruntime_new_debug.h",
            "c:\\program files\\microsoft visual studio\\2022\\community\\vc\\tools\\msvc\\14.37.32822\\include\\vcruntime_new.h",
            "c:\\program files\\microsoft visual studio\\2022\\community\\vc\\tools\\msvc\\14.37.32822\\include\\crtdefs.h",
            "c:\\program files\\microsoft visual studio\\2022\\community\\vc\\tools\\msvc\\14.37.32822\\include\\use_ansi.h",
            "c:\\program files\\microsoft visual studio\\2022\\community\\vc\\tools\\msvc\\14.37.32822\\include\\cstdlib",
            "c:\\program files (x86)\\windows kits\\10\\include\\10.0.22621.0\\ucrt\\math.h",
            "c:\\program files (x86)\\windows kits\\10\\include\\10.0.22621.0\\ucrt\\corecrt_math.h",
            "c:\\program files (x86)\\windows kits\\10\\include\\10.0.22621.0\\ucrt\\stdlib.h",
            "c:\\program files (x86)\\windows kits\\10\\include\\10.0.22621.0\\ucrt\\corecrt_malloc.h",
            "c:\\program files (x86)\\windows kits\\10\\include\\10.0.22621.0\\ucrt\\corecrt_search.h",
            "c:\\program files (x86)\\windows kits\\10\\include\\10.0.22621.0\\ucrt\\stddef.h",
            "c:\\program files (x86)\\windows kits\\10\\include\\10.0.22621.0\\ucrt\\corecrt_wstdlib.h",
            "c:\\program files\\microsoft visual studio\\2022\\community\\vc\\tools\\msvc\\14.37.32822\\include\\limits.h",
            "c:\\program files\\microsoft visual studio\\2022\\community\\vc\\tools\\msvc\\14.37.32822\\include\\xtr1common",
            "c:\\program files\\microsoft visual studio\\2022\\community\\vc\\tools\\msvc\\14.37.32822\\include\\intrin0.h",
            "c:\\program files\\microsoft visual studio\\2022\\community\\vc\\tools\\msvc\\14.37.32822\\include\\intrin0.inl.h",
            "c:\\program files\\microsoft visual studio\\2022\\community\\vc\\tools\\msvc\\14.37.32822\\include\\xutility",
            "c:\\program files\\microsoft visual studio\\2022\\community\\vc\\tools\\msvc\\14.37.32822\\include\\__msvc_iter_core.hpp",
            "c:\\program files\\microsoft visual studio\\2022\\community\\vc\\tools\\msvc\\14.37.32822\\include\\utility",
            "c:\\program files\\microsoft visual studio\\2022\\community\\vc\\tools\\msvc\\14.37.32822\\include\\initializer_list",
            "c:\\program files\\microsoft visual studio\\2022\\community\\vc\\tools\\msvc\\14.37.32822\\include\\cstddef",
            "c:\\program files\\microsoft visual studio\\2022\\community\\vc\\tools\\msvc\\14.37.32822\\include\\type_traits",
            "c:\\program files\\microsoft visual studio\\2022\\community\\vc\\tools\\msvc\\14.37.32822\\include\\cstdint",
            "c:\\program files\\microsoft visual studio\\2022\\community\\vc\\tools\\msvc\\14.37.32822\\include\\stdint.h",
            "c:\\program files\\microsoft visual studio\\2022\\community\\vc\\tools\\msvc\\14.37.32822\\include\\concepts",
            "c:\\program files\\microsoft visual studio\\2022\\community\\vc\\tools\\msvc\\14.37.32822\\include\\compare",
            "c:\\program files\\microsoft visual studio\\2022\\community\\vc\\tools\\msvc\\14.37.32822\\include\\climits",
            "c:\\program files\\microsoft visual studio\\2022\\community\\vc\\tools\\msvc\\14.37.32822\\include\\cstring",
            "c:\\program files (x86)\\windows kits\\10\\include\\10.0.22621.0\\ucrt\\string.h",
            "c:\\program files (x86)\\windows kits\\10\\include\\10.0.22621.0\\ucrt\\corecrt_memory.h",
            "c:\\program files (x86)\\windows kits\\10\\include\\10.0.22621.0\\ucrt\\corecrt_memcpy_s.h",
            "c:\\program files (x86)\\windows kits\\10\\include\\10.0.22621.0\\ucrt\\errno.h",
            "c:\\program files\\microsoft visual studio\\2022\\community\\vc\\tools\\msvc\\14.37.32822\\include\\vcruntime_string.h",
            "c:\\program files (x86)\\windows kits\\10\\include\\10.0.22621.0\\ucrt\\corecrt_wstring.h"
        ],
        "ImportedModules": [
            {
                "Name": "student_1bib21031_Lab2_Variant1_Task1:A",
                "BMI": "C:\\Users\\katyu\\Downloads\\rbpo_2\\rbpo_2\\x64\\Debug\\A.ixx.ifc.dt"
            },
            {
                "Name": "student_1bib21031_Lab2_Variant1_Task1:F1",
                "BMI": "C:\\Users\\katyu\\Downloads\\rbpo_2\\rbpo_2\\x64\\Debug\\F1.ixx.ifc.dt"
            },
            {
                "Name": "student_1bib21031_Lab2_Variant1_Task1:F2",
                "BMI": "C:\\Users\\katyu\\Downloads\\rbpo_2\\rbpo_2\\x64\\Debug\\F2.ixx.ifc.dt"
            },
            {
                "Name": "student_1bib21031_Lab2_Variant1_Task1:F3",
                "BMI": "C:\\Users\\katyu\\Downloads\\rbpo_2\\rbpo_2\\x64\\Debug\\F3.ixx.ifc.dt"
            },
            {
                "Name": "student_1bib21031_Lab2_Variant1_Task1:F4",
                "BMI": "C:\\Users\\katyu\\Downloads\\rbpo_2\\rbpo_2\\x64\\Debug\\F4.ixx.ifc.dt"
            }
        ],
        "ImportedHeaderUnits": [
            {
                "Header": "c:\\program files\\microsoft visual studio\\2022\\community\\vc\\tools\\msvc\\14.37.32822\\include\\cmath",
                "BMI": "C:\\Users\\katyu\\Downloads\\rbpo_2\\rbpo_2\\x64\\Debug\\cmath_71F0516B6F15B0F2.ifc.dt"
            }
        ]
    }
}