{
    "Version": "1.1",
    "Data": {
        "Source": "c:\\users\\katyu\\downloads\\rbpo_2\\rbpo_2\\student_1bib21065_lab2_variant26_task1.ixx",
        "ProvidedModule": "student_1bib21065_Lab2_Variant26_Task1",
        "ImportedModules": [
            "student_1bib21065_Lab2_Variant26_Task1:A",
            "student_1bib21065_Lab2_Variant26_Task1:F1",
            "student_1bib21065_Lab2_Variant26_Task1:F2",
            "student_1bib21065_Lab2_Variant26_Task1:F3",
            "student_1bib21065_Lab2_Variant26_Task1:F4"
        ],
        "ImportedHeaderUnits": []
    }
}